spam,Срочно получите кредит онлайн без справок и поручителей
spam,Ваша карта заблокирована подтвердите данные в личном кабинете
spam,Вы выиграли джекпот в нашей лотерее заберите приз прямо сейчас
spam,Только сегодня скидки 90% на все товары в нашем магазине
spam,Заработок в интернете без вложений работай дома по 2 часа в день
spam,Поздравляем ваш номер стал счастливым заберите ваш бонус
spam,Вам начислен денежный перевод перейдите по ссылке для получения
spam,Кредит под 0% для всех граждан РФ и СНГ одобрение за минуту
spam,Уникальное предложение инвестируйте 100 рублей и получите 10000
spam,Ваш аккаунт взломан срочно смените пароль по ссылке ниже
spam,Бесплатная раздача биткоинов успей зарегистрироваться на бирже
spam,Увеличьте свои продажи с нашей базой клиентов дешево
spam,Казино Вулкан дарит 500 фриспинов за регистрацию
spam,Списание средств с вашего счета приостановлено позвоните нам
spam,Хотите похудеть на 10 кг за неделю без диет и спорта
spam,Такси со скидкой 50 процентов на первую поездку скачай приложение
spam,Ставки на спорт прогнозы с проходимостью 99 процентов
spam,Вам одобрена карта рассрочки с лимитом 300 тысяч рублей
spam,Примите участие в опросе и получите 5000 рублей на карту
spam,Эффективное средство от облысения результат за 3 дня
spam,Получи диплом государственного образца дистанционно за месяц
spam,Распродажа складских остатков брендовой обуви успей купить
spam,Твое резюме одобрено высокая зарплата от 200к в неделю
spam,Магнитные браслеты для здоровья избавят от всех болезней
spam,Верни налог за 3 года онлайн сервис поможет получить выплату
spam,Секретная методика изучения английского языка за 24 часа
spam,Срочный выкуп авто в любом состоянии деньги сразу на руки
spam,Ищу партнера в бизнес проект с доходностью 300 процентов
spam,Вам подарок от партнера заберите по ссылке в описании
spam,Аренда элитной недвижимости в Дубае доход от инвестиций
spam,Лечение суставов народным средством бабушкин рецепт
spam,Открой свой интернет магазин на маркетплейсе под ключ
spam,Твой пароль от почты был найден в слитой базе данных
spam,Новый способ обхода блокировок скачай бесплатный VPN
spam,Шок контент видео которое удаляют из интернета смотри
spam,Как стать миллионером за год бесплатный вебинар сегодня
spam,Ликвидация магазина техники Apple айфоны по низким ценам
spam,Помощь в удалении негативных отзывов и чистке репутации
spam,Услуги хакера взлом соцсетей и мессенджеров без следов
spam,Закажи карту и получи кешбэк 5000 рублей на первую покупку
spam,Летайте нашими авиалиниями
spam,Сниму квартиру
spam,Сдам квартиру
spam,Дешёвые железнодорожные билеты
spam,Выполню работы любой сложности
spam,Освой новую профессию на наших курсах
spam,Записывайтесь ко мне на прием
spam,Выполним проект под ключ
spam,Фото на паспорт и документы быстро и качественно
spam,Сантехнические работы любой сложности
ham,Привет как твои дела что нового в жизни
ham,Завтра будет совещание в десять часов утра в главном офисе
ham,Купи пожалуйста хлеб молоко и что-нибудь к чаю
ham,Напоминаю что проект по дизайну нужно сдать до пятницы
ham,С днем рождения желаю тебе огромного счастья и здоровья
ham,Пришли мне пожалуйста отчет по продажам за прошлый месяц
ham,Я буду дома через пятнадцать минут накрывай на стол
ham,Его уверенность всегда подкупала коллег и партнеров
ham,Ты не забыл что мы сегодня идем в кино на вечерний сеанс
ham,Мама просила передать что она приедет к нам в гости в субботу
ham,Давай обсудим детали поездки завтра во время обеда
ham,Где лежат ключи от гаража я не могу их найти
ham,Спасибо за помощь с презентацией я твой должник
ham,Погода сегодня отличная может сходим погулять в парк
ham,Напиши мне как освободишься нужно кое-что обсудить
ham,Я отправил тебе ссылку на статью про машинное обучение
ham,Запиши меня к стоматологу на следующую неделю пожалуйста
ham,Мы решили поехать в отпуск в горы в этом году
ham,Посмотри вложение там правки по твоему коду
ham,Встретимся на парковке через пять минут я уже выхожу
ham,Передай пожалуйста Саше что я не смогу прийти сегодня
ham,Где мы будем отмечать новоселье в субботу или воскресенье
ham,Нужно зайти в банк и забрать новую дебетовую карту
ham,Кажется я забыл зонтик в офисе посмотри пожалуйста
ham,У нас закончился кофе добавь его в список покупок
ham,Давай встретимся в центре в шесть часов вечера
ham,Результаты анализов пришли всё в пределах нормы
ham,Проверь почту я отправил приглашение на конференцию
ham,Ты видел новый фильм который вышел в прошлый четверг
ham,Завтра утром будет дождь одевайся потеплее
ham,Нам нужно выбрать подарок для Оли на свадьбу
ham,Я нашел отличный рецепт пасты давай приготовим вечером
ham,Где купить билеты на поезд до Питера на завтра
ham,Не забудь полить цветы пока меня не будет дома
ham,Я забронировал столик в ресторане на семь вечера
ham,Во сколько начинается тренировка в спортзале сегодня
ham,Книга которую ты советовал оказалась очень интересной
ham,Пришли мне номер телефона того мастера по ремонту
ham,Я буду занят до вечера так что не теряй меня
ham,Давай завтра пойдем на выставку современного искусства
ham,У тебя есть зарядка для айфона а то мой разрядился
ham,Я купил билеты в театр на следующую субботу
ham,Нужно поменять масло в машине заедy на сервис завтра
ham,Позвони бабушке она очень ждет твоего звонка
ham,Я забыл пароль от нашего вайфая напомни пожалуйста
ham,У меня есть отличная новость расскажу при встрече
ham,Давай закажем пиццу на ужин сегодня лень готовить
ham,Ты забрал документы из налоговой или еще нет
ham,Помоги мне пожалуйста передвинуть шкаф в спальне
ham,Увидимся завтра на лекции не опаздывай пожалуйста
ham,Сегодня мы пойдем в театр или в кино
ham,Пойдём домой
ham,Погода сегодня просто замечательная
ham,Я очень люблю путешествовать
ham,Я работаю не только в будние дни но и в выходные
ham,По профессии я программист
ham,Запиши все что я тебе сказал это важно
ham,Не забудь взять с собой ключи
ham,Слон благородное животное
ham,Архитектура всегда была моей страстью